form,frequency
ég,126336
að,120953
er,98212
það,71123
ekki,70835
og,57298
þú,54109
við,49991
hann,41806
þetta,38440
hvað,28518
sem,24281
til,24054
mér,23831
með,23328
þér,23091
en,22391
um,20401
af,20285
fyrir,20246
var,19139
þig,18572
mig,17380
því,14544
já,13653
hún,13101
nei,12009
allt,11819
ef,11445
þá,11415
eru,11158
bara,10373
ert,10301
svo,9762
þeir,9036
þið,8651
okkur,8402
eftir,8298
eins,8227
vera,8205
hér,8091
ertu,8073
veit,7870
hefur,7647
gera,7632
lagi,7554
nú,7550
frá,7337
þegar,7151
hvernig,7145
fara,6679
honum,6586
hef,6372
verður,6259
út,6256
aftur,6216
upp,6156
ekkert,5930
vel,5925
þessu,5892
verið,5830
minn,5732
hver,5629
sé,5587
hana,5428
eða,5428
svona,5417
hverju,5360
ykkur,5325
vil,5262
úr,4832
get,4831
segja,4825
komdu,4705
hafa,4641
aldrei,4602
eitthvað,4589
hvar,4581
hjá,4574
erum,4537
gott,4516
viltu,4435
sagði,4352
fá,4350
hérna,4311
maður,4300
inn,4207
getur,4189
þau,4162
koma,4161
herra,4160
okkar,4081
núna,4030
þarna,4028
kannski,3981
hans,3898
tala,3853
mín,3801
þar,3765
þarf,3701
þess,3602
þeim,3539
þín,3434
væri,3422
farðu,3365
henni,3363
fer,3325
þinn,3305
takk,3274
líka,3258
áfram,3172
sjá,3164
rétt,3156
mjög,3148
held,3139
sér,3109
kemur,3058
gert,3050
verð,3016
vegna,2954
enn,2902
þessi,2862
sá,2836
saman,2800
þakka,2799
einn,2747
komið,2688
alltaf,2638
gæti,2633
kom,2615
allir,2589
vita,2585
of,2584
skal,2573
má,2519
enginn,2509
yfir,2508
hafi,2478
hr,2468
farið,2430
heldur,2426
dag,2416
veistu,2396
ætla,2379
hefði,2355
þær,2350
förum,2344
ao,2342
sig,2336
hingað,2334
mitt,2293
átt,2285
pabbi,2255
niður,2250
láttu,2243
sama,2239
guð,2237
einhver,2216
mikið,2216
segðu,2195
höfum,2185
heim,2143
segir,2101
aðeins,2089
áður,2074
bíddu,2058
finnst,2051
vildi,2042
vertu,2031
getum,2030
þessa,2015
góður,2014
meira,2006
vill,2004
satt,1994
fyrirgefðu,1986
tíma,1981
mamma,1980
eitt,1961
fór,1937
hefurðu,1935
gerðu,1924
veist,1894
jæja,1893
annað,1886
pú,1875
taka,1871
verðum,1871
menn,1868
halda,1865
þitt,1858
voru,1854
stað,1853
alla,1850
verða,1837
sagt,1831
vilt,1828
gerir,1823
hvert,1819
ykkar,1810
gerði,1787
leið,1769
láta,1765
sjáðu,1760
fram,1759
séð,1748
hvaða,1735
fjandinn,1726
hvort,1704
öll,1703
kvöld,1700
mun,1696
ár,1685
vinur,1669
elskan,1669
myndi,1665
ad,1663
fólk,1657
einu,1646
hélt,1625
geri,1604
síðan,1602
hennar,1592
hættu,1547
eina,1534
vissi,1534
ætti,1512
þannig,1500
auðvitað,1499
sinni,1494
þessum,1482
halló,1482
þeirra,1467
petta,1450
langar,1439
þína,1431
mína,1428
eruð,1427
drepa,1413
strax,1408
skil,1405
án,1396
alveg,1388
pao,1386
reyna,1383
þennan,1377
vinna,1361
finna,1354
geturðu,1348
viss,1347
áttu,1340
neitt,1336
morgun,1332
hugsa,1325
undir,1324
öllum,1315
engin,1313
mínum,1295
gengur,1292
hvers,1276
heldurðu,1272
taktu,1269
kem,1250
haltu,1250
lengi,1247
einmitt,1246
frú,1243
varð,1238
hæ,1237
segi,1230
fékk,1227
hvenær,1222
fimm,1219
þangað,1214
heyrðu,1211
líður,1203
varst,1192
elska,1191
lengur,1181
góða,1181
eigum,1178
átti,1175
virðist,1174
eiga,1169
gerðist,1169
komast,1167
vilja,1164
ná,1159
mann,1154
þínum,1153
kominn,1149
gaman,1148
jack,1146
illa,1141
þarft,1137
inni,1125
fyrst,1122
fyrsta,1120
burt,1119
betur,1115
þykir,1112
sæll,1110
lífi,1102
handa,1098
geta,1093
hafði,1089
öllu,1088
èg,1082
ætlarðu,1076
vio,1069
fyrr,1068
nótt,1059
hægt,1057
frábært,1054
leitt,1054
þurfum,1043
hitta,1042
hjálpa,1042
sinn,1041
góð,1040
gegn,1040
héðan,1038
pér,1038
málið,1037
alvöru,1036
nóg,1030
einhvern,1028
sjálfur,1025
jú,1017
mál,1014
ára,1011
nema,1006
hlýtur,999
ferð,995
fengið,987
komum,984
víst,975
ein,970
annars,967
daginn,966
áhyggjur,965
tveir,955
orðið,938
hve,933
leita,926
faðir,909
aò,905
hafið,903
búinn,902
heiti,899
heima,897
gat,897
langt,895
minni,895
deyja,891
haldið,891
erfitt,890
mátt,886
enga,883
ættir,878
líf,876
hætta,862
máli,860
engar,856
meðan,855
heyra,845
skiptir,843
gerum,843
spyrja,840
vorum,833
samt,833
mínu,831
tvö,830
kann,825
maðurinn,824
john,823
mínútur,820
gefa,817
fæ,814
tekur,813
ganga,809
gerast,803
heitir,802
komst,799
sýna,796
fær,794
hvern,794
mínir,793
fínt,791
skilurðu,784
gerist,781
klukkan,778
tíu,777
ætlar,774
lítur,770
sagðir,769
gangi,761
heyrt,759
tók,759
bless,758
aõ,758
þinni,756
stundum,755
allar,754
uppi,754
líklega,754
sért,752
líkar,751
baka,750
hjálp,750
pig,748
nokkuð,747
þótt,745
látið,743
sex,741
stendur,741
alls,740
fann,737
vantar,734
allan,731
segirðu,731
skjóta,727
kona,722
skilið,717
nota,716
fannst,716
færð,714
fleiri,714
úti,713
jafnvel,712
manni,711
góðan,707
hefðir,705
engan,703
verði,701
sérðu,701
sjáumst,700
þessari,696
afsakið,695
man,694
árum,691
þekki,689
afsakaðu,689
mömmu,687
konan,685
trúi,683
ha,682
manstu,681
hlustaðu,680
lokið,680
hví,680
fjandans,674
nógu,673
daga,673
tvo,672
yrði,672
værir,671
sonur,671
new,669
kemst,668
tvær,667
bílinn,667
tekið,666
engu,663
milli,663
hugmynd,661
þó,660
varstu,660
bíða,660
undan,657
byrja,655
betra,654
kalla,653
tími,651
sú,651
búið,643
miklu,641
ættum,640
besta,638
leyfðu,636
næstum,635
orð,635
eigin,634
beint,634
vitum,633
utan,632
annan,627
hátt,626
hverjum,624
dali,622
peninga,622
dálítið,619
smá,616
konu,614
sagðirðu,613
eg,612
strákar,611
svolítið,611
hringja,610
þínu,607
vinir,606
dr,606
nafn,604
hafðu,603
myndir,602
viku,601
settu,601
sjáið,600
litla,598
annar,597
komin,596
kyrr,596
þýðir,595
geti,592
fjárinn,592
sæl,591
hluti,587
félagi,587
lítið,585
átta,583
miður,583
pabba,582
pví,582
seinna,581
strákur,580
barn,579
ætlaði,577
vid,577
borða,576
lét,574
finn,574
gegnum,573
gerðir,573
frekar,570
borga,570
helvítis,568
skulum,567
varlega,564
hversu,564
hlusta,563
meiri,562
sína,562
öðrum,561
staðar,561
nýja,560
jesús,560
gætir,559
hvao,559
vonandi,558
þrír,555
tek,554
nær,553
hræddur,550
dó,550
þegiðu,550
fáum,549
bróðir,545
skilja,544
þessar,544
hinn,540
horfa,540
hug,540
talað,537
reyndu,537
síðasta,535
aðra,534
york,532
bjarga,531
sínum,530
læt,529
þúsund,529
burtu,528
náði,527
fáðu,527
tony,526
margir,525
ræða,522
betri,521
meo,521
síðar,520
sagðist,520
mynd,519
frank,518
börn,516
gefðu,515
viljum,514
séu,514
ókei,514
konur,512
kenna,510
hafir,510
margt,510
ja,509
sendi,509
næsta,508
mistök,506
reyndi,506
næst,505
tilbúinn,505
meina,505
best,503
von,501
slepptu,501
rólegur,500
bílnum,499
stór,499
vona,499
heyrði,497
færðu,496
skipti,496
dauður,496
lifa,496
slæmt,493
hamingju,493
gaf,490
flott,489
peningana,489
líta,489
fallegt,489
tókst,489
lífið,487
viljið,486
paò,485
gekk,483
sestu,482
pá,480
takið,479
vinstri,478
oft,476
talar,475
reyndar,475
gamla,474
nálægt,473
getað,473
þekkir,472
lætur,471
farinn,471
borð,470
niðri,470
fundið,465
setja,464
minna,463
skilur,461
eiginlega,460
leika,459
bjóða,458
samband,458
standa,456
þessir,455
virkilega,455
móti,455
búin,453
bað,450
föður,448
pad,446
líttu,445
nokkur,445
tækifæri,443
hey,443
fleira,442
drap,442
þann,442
búa,440
vini,439
látum,439
hjálpað,439
vi,439
frændi,437
húsið,437
getið,436
senda,436
færi,434
tökum,434
haft,433
sofa,433
bið,433
barnið,432
sækja,432
skrifa,431
móðir,430
leiðinni,430
áhuga,429
stjórn,429
vinnu,428
ætli,428
fréttir,428
mat,428
lesa,428
læknir,426
fljótt,423
beðið,423
fröken,422
hringdi,422
nokkra,422
gætum,421
sjö,421
grínast,420
mínar,420
hægri,419
herrar,418
vinnur,418
unnið,416
rangt,416
frábær,415
þrjú,415
drepið,415
náðu,414
fólki,414
önnur,413
virði,412
kaupa,412
snýst,412
viõ,411
george,410
einhvers,410
fari,409
innan,409
falleg,407
réttu,406
komist,405
hitt,405
konar,405
framan,403
reyni,403
síðustu,402
ungfrú,402
paul,401
örugglega,400
bænum,399
þurfa,399
byssu,399
datt,399
ben,399
vandamál,397
varla,397
dáinn,396
lögreglan,395
fangelsi,394
lofa,394
tveimur,394
gamli,394
litli,394
sitt,394
höldum,392
michael,391
ætlum,390
spila,389
hringi,388
gær,388
næstu,387
bíl,387
góðu,386
ber,386
hætti,386
andskotinn,386
mörg,385
hvad,385
mánuði,384
leggja,383
mike,381
sjáum,381
staðinn,381
manns,380
mark,380
fjölskyldu,380
einhverju,380
augnablik,379
númer,379
tilbúin,379
sam,378
gamall,378
hjarta,377
hljómar,377
tímann,376
hinum,376
öðru,376
stund,376
vann,376
ný,375
vatn,375
berjast,374
bíðið,374
greiða,373
dyrnar,373
gleymdu,373
charlie,373
vildir,372
missa,372
kki,372
tom,371
biðja,371
heyrirðu,370
manninn,370
þurfti,369
hringdu,368
hendur,365
bæði,365
ofan,365
sýndu,364
tta,364
ennþá,363
vitið,363
komu,363
trúa,363
hús,363
peir,363
móður,362
drottinn,362
þarftu,361
verk,361
bob,361
börnin,361
david,361
hitti,360
hrifinn,360
gerið,360
sástu,359
svara,359
dave,359
heyri,358
ótrúlegt,358
né,357
opnaðu,356
mikil,355
skipta,354
almáttugur,354
nýtt,353
talaðu,353
rétta,353
húsinu,352
bera,352
fólkið,352
sæti,352
bad,352
dala,351
kaffi,351
herbergi,351
enda,350
sleppa,349
joe,349
hrædd,349
friði,348
starf,348
dagur,347
býr,347
hata,347
þarfnast,346
opna,346
tilbúnir,346
hjálpaðu,345
augun,345
drengur,345
sérð,344
gefið,344
fyrstu,344
viò,344
bestu,343
hugsaðu,342
seint,342
dóttur,342
nokkrum,341
harry,341
munu,340
mundu,339
besti,339
fjandanum,339
líst,338
heiminum,338
fékkstu,337
fyndið,337
eini,336
þínar,336
talaði,335
verðið,335
leik,335
allra,335
lifandi,335
yðar,334
missti,333
náð,332
þínir,332
þrjár,332
gefur,330
skaltu,330
margar,330
johnny,329
sinnum,329
komstu,328
níu,328
kjaftæði,327
leit,327
finnur,325
skyldi,325
slíkt,325
nafni,324
reynir,324
komi,324
einum,323
leikur,323
aftan,323
nokkrar,322
marga,321
gengið,321
byssuna,320
sambandi,320
med,320
næ,319
systir,319
liðið,318
skaut,318
litlu,318
sumir,317
stattu,317
mönnum,317
ur,317
drekka,316
hverjir,315
alvara,314
mikill,314
mikla,313
sömu,313
bak,313
hættið,312
aðrir,312
væru,312
eddie,312
leyfi,311
þremur,311
stóra,310
hönd,310
óttast,309
land,309
staður,309
kvöldið,309
elskar,309
bróður,308
sitja,308
þátt,307
ofursti,307
læra,306
megin,306
gerðirðu,306
komumst,305
ágætt,305
ást,305
konuna,305
reynt,305
sekúndur,305
vitni,304
einhverjum,304
snúa,304
komnir,304
selja,303
hvaðan,303
vin,303
finnum,303
fylgja,303
míns,303
meinarðu,303
stelpa,302
neinn,302
manna,302
kate,302
þrjá,301
kynnast,301
sannarlega,301
óvart,301
tölum,300
finndu,299
gef,298
eigið,298
nákvæmlega,298
sakna,298
breyta,298
sín,297
jimmy,297
hjálpar,296
hratt,296
lögga,296
orðinn,295
velkominn,295
bíður,295
vissulega,295
býst,294
spurði,293
ári,293
upplýsingar,293
sannleikann,291
spurningar,291
drepur,290
dóttir,290
efni,289
afar,288
auðvelt,288
öðruvísi,288
þaõ,288
augu,287
færa,286
afsökunar,286
ljós,286
gleyma,285
nýju,285
son,285
heimi,285
þvi,285
stúlka,284
giftast,284
vá,283
gætu,283
virkar,283
fóru,283
skalt,282
heitt,282
sögu,281
ræður,281
fætur,280
munt,280
sko,280
samkvæmt,280
gættu,280
hin,280
fulltrúi,280
kevin,280
sumt,279
vanda,278
ástin,278
vinn,278
asni,278
aô,278
hætt,277
sendu,276
sanna,276
betta,276
sjálfum,274
stöðva,274
þoli,274
ansi,273
byrjum,273
gærkvöldi,273
stelpur,273
líkt,272
áætlun,272
sjálfan,272
skipið,272
vissirðu,271
skildi,271
tíminn,271
skjóttu,271
tii,271
merki,270
vænt,270
guðs,270
pakka,269
james,269
dalir,268
hluta,268
síðast,268
vissir,267
washington,266
náungi,265
sínu,265
athuga,265
engum,264
velkomin,264
þekkirðu,263
munum,263
raun,262
trúir,262
byrjar,262
krakkar,262
skotið,262
tónlist,261
svaraðu,261
sent,260
ferðu,260
bill,260
eigi,259
william,259
loka,259
milljónir,259
þû,259
stjórna,258
jones,258
heimili,258
tapa,257
virðingu,257
ráð,257
þù,257
fáið,256
heyrir,256
flytja,256
liggur,255
stóð,255
svæði,255
dömur,255
fljótur,254
fífl,254
sjálf,254
vikur,254
leyfa,253
stórt,253
gaur,252
löngu,252
höfuðið,252
velja,252
fjórir,252
gerst,251
drykk,251
vilji,251
viti,251
lífinu,251
kynna,251
mörgum,251
verkefni,250
huga,250
dauða,250
verðurðu,250
hausinn,249
sver,249
fullt,248
leiðin,248
degi,248
gleður,247
vél,247
föt,247
smástund,246
gerirðu,246
guði,246
góðar,245
loksins,245
segjum,245
gerðum,245
henry,245
mikilvægt,244
dansa,244
megum,244
elta,244
gjörðu,244
farin,244
hirði,244
billy,244
max,243
bu,243
náum,243
skjótið,243
nafnið,242
drep,241
ãä,241
slakaðu,240
las,240
morð,240
hæð,240
spurning,240
danny,240
landi,239
reiður,239
símann,239
engir,239
hittumst,239
sammála,239
orðin,239
pegar,239
hinir,238
hina,238
þriðja,238
ráða,238
fylgjast,238
róleg,237
stúlku,236
skoða,236
kæmi,236
mætti,236
árás,236
áttir,235
þíns,235
foreldrar,235
sýnist,235
deyr,235
blóð,234
málinu,234
sást,234
keypti,234
stela,233
fljótlega,233
hugsað,233
fjögur,232
eignast,232
tvisvar,232
andartak,232
systur,232
snemma,232
amma,232
lag,231
norður,231
vitað,231
etta,231
stjóri,230
bjór,230
nærri,230
sýnir,230
passaðu,230
hringt,230
snerta,230
pessu,230
dögum,229
horfðu,229
sæktu,229
sárt,229
bréf,229
spyr,229
notað,228
dollara,228
kallar,228
kjafti,227
dómari,227
loft,227
lítill,226
smith,226
nokkurn,226
sett,226
vernda,225
gætirðu,225
getir,225
skila,225
lést,224
einnig,224
ánægður,223
flýttu,223
gleymdi,223
langaði,223
ástæðu,222
ævi,222
ray,222
skóla,221
nálgast,221
starfið,221
lof,221
segið,221
fyrsti,221
frænda,221
eyða,220
borgar,220
laus,220
þekkti,220
hrifin,219
sennilega,219
áhrif,219
aðstoð,218
séum,218
fallega,218
hið,218
sést,218
hvaò,218
ñæ,218
sögðu,217
fórst,217
skipstjóri,217
rassinn,217
gjöf,216
treysta,216
minnar,216
heimurinn,216
bíllinn,216
jól,216
ir,216
skál,215
skólanum,215
skrítið,215
minnst,215
richard,215
verra,214
segist,214
hvíta,214
liði,214
höndum,213
þekkja,213
virtist,213
sérstaklega,213
hvorki,213
bjó,213
kostar,213
chris,213
lesið,212
hefðu,212
sendir,212
stríð,212
fljúga,212
lifir,211
skilaboð,211
sök,211
fórum,211
glas,210
óska,210
rúmið,210
skot,210
suður,210
stoltur,210
richie,210
jim,209
bráðum,209
vopn,209
bók,209
vandræðum,208
gömul,208
starfa,208
boðið,208
spyrðu,208
hvor,208
héit,208
borg,208
heppinn,208
ljúga,208
jerry,208
pio,208
skoðun,207
augum,207
skip,207
breytt,207
éta,207
meðal,207
hendurnar,207
fundum,206
húsi,206
metra,206
treysti,205
heitirðu,205
kringum,205
ér,205
fékkst,204
liðþjálfi,204
hverfa,204
lengra,204
bar,204
bæta,204
alex,204
hreint,203
heiður,203
þakkir,203
borgað,203
árið,203
fjandann,203
hættir,202
tveggja,202
viðbót,202
seyði,202
stöðu,202
saga,201
piltar,201
detta,201
hjartað,201
lík,201
kl,201
tommy,200
vandræði,200
rétti,200
hvergi,200
helvíti,200
forseti,200
svarið,200
herinn,199
starfi,199
miklum,199
afi,199
bruce,199
samþykkt,198
frétti,198
sinna,198
losna,198
mest,198
einhverja,197
hefðum,197
strákurinn,197
hins,197
muna,197
dáin,197
setti,196
þinnar,196
drífum,196
marley,196
the,195
hlustið,195
nýjan,195
hverja,195
myndu,195
þà,195
einskis,194
hlaupa,194
byssur,193
kemurðu,193
skotinn,193
jafn,193
laga,193
majór,193
snúðu,193
mac,193
hraðar,192
myndirðu,192
áttum,192
hart,191
minnsta,191
skrifaði,191
peningar,190
þögn,190
félaga,190
fái,190
manninum,190
fbi,190
góðir,189
værum,189
lög,189
matur,189
bér,189
ljúka,189
shaw,189
símanum,188
ástæða,188
heyrið,188
ábyrgð,188
par,188
rólega,187
félagar,187
líkist,187
hárið,187
neinu,187
gömlu,187
gang,187
hvaõ,187
draga,186
hættur,186
keyra,186
fyrramálið,186
lagið,186
sofið,186
stúlkan,186
konunni,186
foringi,185
hugsaði,185
trú,185
byrjaði,185
amy,185
báðir,184
setjast,184
anda,184
lið,184
èå,184
lítil,183
bjargað,183
milljón,183
hugsar,183
valdi,183
legg,183
veginn,183
stan,183
vinnuna,182
fjölskylda,182
miða,182
syngja,182
grein,182
jà,182
drífðu,181
virðast,181
höndina,181
óhætt,181
þykist,181
tel,181
crewe,181
þu,181
fínn,180
passa,180
reynum,180
sæki,180
reka,180
einfalt,180
sprengja,180
borginni,179
hendi,179
stelpu,179
vegas,179
rt,179
íå,179
andlit,178
bíðum,178
lenti,178
manneskja,178
stóri,177
lifað,177
gastu,177
eyðileggja,177
louis,177
seinn,177
leggðu,177
lokað,176
mæta,176
vaknaðu,176
yfirmaður,176
hlut,176
ákveðið,176
muni,176
fórstu,176
ver,176
greinilega,175
hét,175
tólf,175
parna,175
hv,175
myndum,174
nokkru,174
thomas,174
hátign,174
kærar,174
búnir,174
san,174
útskýra,174
angeles,174
vinum,173
bý,173
ákvörðun,173
vara,173
heiminn,173
horfir,173
hundur,173
hittir,173
ástæðan,173
sonny,173
lít,172
los,172
andskotans,172
dú,172
gráta,171
hræðilegt,171
framar,171
löggan,171
náið,171
líða,171
boð,170
stjórnar,170
mikinn,170
fyrrverandi,170
semja,170
vatnið,170
hamingjan,169
einni,169
trufla,169
annarri,169
hershöfðingi,169
jaeja,169
tristan,169
flýja,168
kallast,168
ljóst,168
veikur,168
svoleiðis,168
ungur,168
kallaðu,168
röð,168
ánægju,168
gleðileg,168
athygli,168
vitir,168
kaliforníu,168
leikinn,168
herbergið,167
andlitið,167
lagt,167
lögregluna,167
kosti,167
óþarfi,167
lokum,167
fast,167
gary,167
bíð,166
gakktu,166
langan,166
larry,165
klár,165
sömuleiðis,165
veg,165
la,165
þingmaður,165
varðandi,165
klára,165
dáið,165
viðskipti,164
tilfinningar,164
breytir,164
bíll,164
slæm,164
hægan,164
foreldra,164
lifi,164
notar,164
st,164
neinum,164
prófa,164
paõ,164
breyst,163
chicago,163
fjórar,163
frelsi,163
reið,163
tæki,163
góði,163
hlið,163
drepinn,163
skemmta,163
stefnumót,163
myndina,163
martin,163
me,163
munið,162
frétta,162
allur,162
telur,162
svangur,162
bauð,162
nægir,162
miðað,162
misst,162
horfið,162
eð,162
hva,162
staðnum,161
meta,161
trúðu,161
fullur,161
dreptu,161
fyrri,161
eilífu,161
frétt,161
fyrirgefið,161
nick,161
frà,161
telja,160
giftist,160
bæ,160
tekst,160
gæta,160
staðið,160
bjóst,160
borðið,160
brjálaður,160
ig,160
spennandi,159
hár,159
hlauptu,159
veita,159
lögin,159
varðar,159
parís,159
hverri,159
jólin,159
jason,159
ríða,159
bjargaði,158
birtist,158
fé,158
syni,158
meò,158
bao,158
finnið,157
bæinn,157
sat,157
fannstu,157
fullkomið,157
treyst,157
frænka,157
kæri,157
tengist,157
endilega,157
kanna,157
fjölskyldan,157
fela,156
leyndarmál,156
situr,156
matinn,156
skít,156
charles,156
paô,156
staðurinn,155
fötin,155
fíflið,155
snúið,155
tuttugu,155
venjulega,155
anthony,155
stolt,154
ýmislegt,154
númerið,154
fallegur,154
yfirleitt,154
sál,154
vinkona,154
dad,154
gleymt,153
fengum,153
kærlega,153
hringir,153
ice,153
máttu,153
gift,153
leiðir,152
þaðan,152
frjáls,152
sagan,152
kallað,152
skrifað,152
peim,152
êæ,152
handtekinn,151
christian,151
útilokað,151
heila,151
rannsókn,151
skrýtið,151
verour,151
ættu,150
voruð,150
yngri,150
fljót,150
fremur,150
tré,150
auga,150
sætt,150
berst,150
götunni,150
þyrfti,150
mínútum,150
forsetinn,150
veldur,150
boltann,150
hljóta,149
heimskur,149
byssunni,149
lýkur,149
læknirinn,149
verja,149
tímum,149
hun,149
berja,148
stundir,148
set,148
meiða,148
verst,148
algjör,148
skrifstofu,148
loftið,148
aðstoðað,148
jake,148
mestu,148
rúminu,148
daisy,148
rob,148
dýr,147
sýnt,147
verki,147
dagar,147
loks,147
mánuðum,147
hermenn,147
ra,147
kenndi,146
falla,146
setjið,146
skera,146
framtíð,146
dásamlegt,146
hundrað,146
stend,146
yður,146
artie,146
freddie,146
rum,146
drapst,145
heill,145
fellur,145
illt,145
stefnu,145
braut,145
fund,145
vikum,145
treystu,145
lenda,145
km,145
frí,145
löggur,144
leiða,144
framhjá,144
slys,144
sigra,144
talið,144
klukkutíma,144
hvarf,144
leikið,144
helst,144
peter,144
turner,144
ameríku,143
heyrðir,143
skildu,143
sami,143
þurfið,143
jörðinni,143
sífellt,143
leggur,143
djúpt,143
náunginn,143
þeirri,143
viljir,143
svæðið,143
big,143
scott,143
mikils,142
de,142
fylgist,142
aldeilis,142
slá,142
skyndilega,142
óvænt,142
þreyttur,142
heita,142
dettur,142
svar,142
íbúð,142
hommi,142
sælir,141
nýr,141
hljóð,141
sýni,141
viljað,141
leitað,141
leitar,141
notum,141
fyrra,141
veðja,140
far,140
aka,140
sjálfsagt,140
hissa,140
blóm,140
þökk,140
leiðinlegt,140
stórkostlegt,140
megi,140
flestir,140
lífs,140
hættulegt,140
djöfuls,140
kannt,139
einmana,139
drengurinn,139
hreyfa,139
möguleika,139
roger,139
mary,139
megið,139
vinnunni,139
kallaði,139
fjórum,139
fylgir,139
bú,139
höfðinu,139
biddu,139
full,139
viðbúnir,139
losa,138
fyndinn,138
ánægð,138
spurninga,138
doktor,138
vinnum,138
líkama,138
lestu,138
hollywood,138
vélinni,138
stig,138
vildu,138
sjónvarpinu,138
títt,138
síminn,137
reykja,137
tóku,137
bókina,137
þurfi,137
stúlkur,137
byrjaðu,137
haldi,137
peningum,137
kalt,137
fyrirtæki,137
þekkt,136
drífa,136
vitleysu,136
ensku,136
vatni,136
gast,136
rippað,136
höfðu,136
málum,136
verðir,136
hlé,136
stoppaðu,135
ung,135
mennirnir,135
kallaður,135
ferðast,135
náunga,135
liggja,135
landið,135
gerð,135
bandaríkjanna,135
ásamt,135
lögreglumaður,135
krakki,135
ronnie,135
eldri,134
ungi,134
dauð,134
þætti,134
skólann,134
flugvél,134
leiknum,134
robert,134
sarah,134
pau,134
çò,134
viô,134
ætlið,133
bilaður,133
svarta,133
notaði,133
keypt,133
notaðu,133
býður,133
minnir,133
valið,133
heimsókn,133
annast,133
hjálpið,133
hinna,133
saklaus,133
háskóla,133
slæmur,132
setur,132
kosta,132
fæddist,132
ræð,132
njóta,132
kvöldi,132
reiði,132
augunum,132
sannleikurinn,132
reynslu,132
rætt,132
bull,132
dæmis,132
elskaði,132
snertir,132
parf,132
soprano,132
heyrðirðu,131
kyssa,131
trúirðu,131
eitthvert,131
fóik,131
lokaðu,131
síðasti,131
fengi,131
heilsa,131
kennt,131
bræður,131
kristur,131
meõ,131
travis,131
fjarri,130
skýt,130
grín,130
peningarnir,130
kílómetra,130
nóttina,130
tíð,130
val,130
london,130
sundur,130
bannister,130
fjölskyldunni,130
al,130
raymond,130
pinn,130
çíä,130
texti,129
skiptum,129
skipinu,129
vakna,129
hundinn,129
grafa,129
arthur,129
vélin,129
beygðu,129
lögreglunni,129
gjarnan,129
stóðst,129
sefur,129
sætur,129
hálft,129
pín,129
manst,128
vit,128
kunna,128
störfum,128
rannsaka,128
forðast,128
lest,128
brjóta,128
náðum,128
mesta,128
terry,128
fjarlægð,128
áðan,128
þegja,128
ljósið,128
auk,128
finnurðu,128
hálfviti,128
gaurinn,127
stolið,127
hlæja,127
lagði,127
þörf,127
hafðir,127
les,127
svarar,127
fylgdu,127
biðst,127
kasta,127
rödd,127
phil,127
stopp,126
baki,126
frammi,126
vestur,126
karl,126
brenna,126
sleppið,126
hlaupið,126
verum,126
spurðu,126
kapteinn,126
fjóra,126
wayne,126
will,126
skítsama,126
willie,126
christopher,126
valda,125
hliðina,125
kanntu,125
vandamálið,125
konum,125
hetja,125
missir,125
gifta,125
vitlaus,125
lee,125
krakka,124
texas,124
aumingja,124
byam,124
skipun,124
veitt,124
dótið,124
draumur,124
skrá,124
klukkustund,124
breytist,124
allavega,124
nýlega,124
lyf,124
sjálfsögðu,124
stræti,123
geng,123
stóru,123
segði,123
lífsins,123
gluggann,123
gull,123
ómeiddur,123
ætlað,123
lyklana,123
vekja,123
ákveða,123
hlustar,123
taylor,123
mínútu,123
skuli,123
báðum,123
karlmenn,123
mundi,123
réttum,123
fengu,123
stansaðu,123
fred,123
eðlilegt,123
gallagher,123
ömmu,123
claire,123
versta,122
nýi,122
robinson,122
ráðast,122
giftur,122
söguna,122
lærði,122
hraða,122
lent,122
næsti,122
fín,121
sir,121
morðingi,121
skrifaðu,121
farir,121
hættum,121
lincoln,121
unga,121
sjái,121
stutt,121
fáránlegt,121
aðrar,121
kína,121
passar,121
hæfileika,121
stal,121
johnson,121
alvarlega,121
rokk,121
vlð,120
jane,120
te,120
skrifstofunni,120
sínar,120
elti,120
dagurinn,120
dyr,120
fólkinu,120
stöð,120
vitlaust,120
sleppum,120
aldri,120
horft,120
barinn,120
manneskju,120
carter,120
hreinu,119
góðum,119
upptekinn,119
hefst,119
vildirðu,119
köllum,119
ímyndað,119
stundu,119
greina,119
svæðinu,119
maggie,119
líkaði,119
fólks,119
rugl,119
jä,119
rekinn,118
indælt,118
austur,118
svaf,118
stinga,118
stærri,118
konungur,118
mega,118
táknar,118
færir,118
löng,118
lögguna,118
urðu,118
stefna,118
þinna,118
rico,117
æfa,117
stöðvaðu,117
leyfið,117
ís,117
strákinn,117
evrópu,117
þreytt,117
lækni,117
anna,117
sein,117
lært,116
fréttirnar,116
stelpan,116
vina,116
stöðugt,116
verri,116
spurningu,116
sýndi,116
handtaka,116
alan,116
sérstakt,116
egg,116
beth,116
strákarnir,115
hótelið,115
sæt,115
peningunum,115
ma,115
leyfir,115
ótta,115
fótinn,115
prófessor,115
dreymdi,115
leysa,115
beið,115
kæra,115
horfði,115
staðfest,115
sumar,115
red,115
lofaði,114
ættuð,114
selt,114
hó,114
auli,114
hita,114
látinn,114
deild,114
þurft,114
sanngjarnt,114
síður,114
blessi,114
skref,114
ljósin,114
ed,114
jersey,114
raunar,114
chisum,114
pess,114
eflaust,113
nærð,113
blessaður,113
einkum,113
opnar,113
annarra,113
höfuðsmaður,113
stríðið,113
slökktu,113
seldi,113
rauða,113
skuldar,112
sterkur,112
endar,112
lýgur,112
by,112
öryggi,112
heimsins,112
húfi,112
miklar,112
bandaríkin,112
meinar,112
spurningin,112
borgaði,112
dyrunum,112
white,112
leyft,112
kærasta,112
kynlíf,112
efast,111
stelpurnar,111
kynnst,111
daglega,111
jeff,111
málin,111
her,111
byrjað,111
skiptið,111
hernum,111
dey,111
stríðinu,111
snillingur,111
viskí,111
fjölskylduna,111
laug,111
gates,111
nefið,110
hlutir,110
þýða,110
skýtur,110
bátinn,110
hjáip,110
hermaður,110
starfinu,110
algjörlega,110
allri,110
þessara,110
ástfanginn,110
yrðir,110
myndin,110
betty,110
marie,110
wilson,110
fógeti,110
reglurnar,110
eoa,110
nöfn,109
bjáni,109
vín,109
síma,109
joey,109
taldi,109
handan,109
eytt,109
byggja,109
hélstu,109
herberginu,109
síns,109
bil,109
breytast,109
deyjum,109
flottur,109
líkið,109
hund,109
mars,109
tilviljun,109
hinu,109
hank,109
stöðvað,109
pessi,109
tilbúið,108
skipt,108
icelandic,108
hleyptu,108
eyjunni,108
álit,108
efa,108
kvöldmat,108
leyti,108
fulla,108
sögur,108
tilboð,108
skilst,108
mála,108
harold,108
tík,108
ar,108
skilaðu,107
pláss,107
orðum,107
krakkarnir,107
tímanum,107
eyju,107
kynni,107
ráðið,107
hugrekki,107
stúlkuna,107
dái,107
ævinni,107
morðið,107
þrátt,107
veitir,107
sáum,107
lögreglunnar,107
þriggja,107
dauðinn,107
ókeypis,107
ók,107
vinsamlegast,107
hvítur,107
baker,107
ann,107
skíthæll,107
hùn,107
flýta,106
sannanir,106
bligh,106
hundurinn,106
merkir,106
taki,106
skapi,106
blár,106
lögfræðingur,106
afmæli,106
carl,106
höfðum,106
walter,106
julie,106
andaðu,106
metrar,106
borgina,105
íslenskur,105
endurtek,105
blóði,105
samning,105
mögulegt,105
hreinsa,105
bekk,105
áhugavert,105
leiðina,105
hatar,105
murphy,105
eir,105
ethan,105
verio,105
skemmtun,104
féll,104
sóa,104
býð,104
mannsins,104
ferðinni,104
neita,104
grunaði,104
settur,104
oftar,104
hálftíma,104
stöðina,104
ótrúlega,104
vantaði,104
ei,104
vissu,104
dæmi,104
skýrslu,104
skiljið,104
snýr,104
helvítið,104
êg,104
þä,104
gengi,103
stærð,103
hjálpi,103
byssa,103
hærra,103
fylgstu,103
ástfangin,103
öruggt,103
gafst,103
forseta,103
frænku,103
eldur,103
bandaríkjunum,103
kunni,103
örlög,103
stoppa,103
frekari,103
hópinn,103
tilraun,103
myndirnar,103
cal,103
rose,103
russell,103
barney,103
boltanum,103
höfuð,102
gefst,102
lýst,102
fangelsinu,102
fást,102
leggjum,102
valdið,102
meðferð,102
dregur,102
alvarlegt,102
fótum,102
reglur,102
hópur,102
glaður,102
ómögulegt,102
dæma,102
tapað,102
svalt,102
jafna,102
ti,102
lygari,101
bakið,101
mennina,101
morgunmat,101
atriði,101
veik,101
færið,101
heimskulegt,101
kveðja,101
synd,101
veru,101
yfirgefa,101
hefðirðu,101
kynntist,101
dót,101
einhverjar,101
ellefu,101
fært,101
stríða,101
fa,101
min,101
sagoi,101
kæmir,100
biður,100
hótelinu,100
hlutina,100
ræna,100
gleymi,100
leitaði,100
ráðist,100
skyldu,100
feginn,100
dragðu,100
landinu,100
ánægja,100
bestur,100
krakkana,100
drápu,100
hring,100
lykt,100
henda,100
undarlegt,100
bannað,100
hist,100
meinti,100
kort,100
losaðu,100
verdur,100
doug,100
rachel,100
náðirðu,99
fagna,99
garðinum,99
fæst,99
krefst,99
sendið,99
harma,99
skulir,99
ástandið,99
vakandi,99
lou,99
þjálfari,99
heillandi,99
ví,99
aktu,99
byssurnar,98
hundruð,98
nokkrir,98
heil,98
lyfta,98
lofti,98
litið,98
mánuð,98
hugmyndir,98
spurt,98
leitið,98
rick,98
vagninn,98
fáir,98
kveikja,98
spilar,98
slökkva,98
hei,98
laura,98
vélar,98
pessum,98
ira,98
boltinn,98
çæä,98
hótel,97
slaka,97
vald,97
sæi,97
varið,97
skrifstofuna,97
viðbrögð,97
myrt,97
uss,97
kannast,97
djöfullinn,97
fundinn,97
hlutum,97
brown,97
marvin,97
ba,97
aiit,97
èç,97
pening,96
hentar,96
raunverulegt,96
þolir,96
fyrirmæli,96
uns,96
jörðina,96
lögum,96
alger,96
kerfið,96
útskýrt,96
skemmtilegt,96
göngum,96
velta,96
sögunni,96
barninu,96
banka,96
ekkl,96
athugaðu,96
kortið,96
manion,96
dauðans,96
sv,96
kirk,96
fullu,95
ákvað,95
lygi,95
eld,95
hamingjusöm,95
skiljum,95
kyrrt,95
jörðu,95
kysstu,95
deila,95
vinan,95
myrtur,95
missi,95
uppnámi,95
tekin,95
aumingi,95
bandaríkjamenn,95
stóran,95
stefnir,95
drauma,95
ru,95
nate,95
bud,95
matt,94
héldum,94
staðan,94
sofandi,94
gefast,94
skipi,94
liðsforingi,94
flýgur,94
sannað,94
þótti,94
höndunum,94
farnir,94
þola,94
ættirðu,94
miles,94
tengsl,94
skýrt,94
ræðum,94
flogið,94
fína,94
skotmark,94
völdum,94
ellie,94
hittu,93
þjófur,93
steve,93
rífast,93
hittast,93
dauði,93
drengir,93
skipa,93
amen,93
för,93
styrk,93
veri,93
gestir,93
munninn,93
einungis,93
brátt,93
aðstæður,93
hljótt,93
töluðum,93
afsakaðan,93
mexíkó,93
mynda,93
lagað,93
götu,93
sjónvarpið,93
föst,93
aðgerð,93
fáviti,93
sebastian,93
karen,93
ãç,93
trölli,93
stríði,92
pete,92
svartur,92
trúði,92
borðinu,92
læturðu,92
býrð,92
vildum,92
börnum,92
hugsanir,92
bjargar,92
miller,92
horfi,92
bækur,92
barist,92
vega,92
kelly,92
brot,92
verkefnið,92
horton,92
rich,92
äå,92
vinkonu,91
slíku,91
byrjun,91
stakk,91
hálsinn,91
áríðandi,91
kvarta,91
tekinn,91
kærastan,91
breytti,91
þegið,91
sleppt,91
drífið,91
tilheyrir,91
loforð,91
skella,91
slást,91
vanur,91
yndislegt,91
don,91
vegar,91
traust,91
kong,91
fugl,91
æði,91
hugsanlega,91
ríkur,91
desmond,91
wallace,91
séra,91
standið,91
sally,91
adam,91
elizabeth,91
houston,91
rra,91
carlos,91
gwen,90
bardaga,90
kraftaverk,90
persónulegt,90
kærastinn,90
lestinni,90
tali,90
hjálpaði,90
líkur,90
framundan,90
stórmál,90
ströndinni,90
fundu,90
blanda,90
kennari,90
hurðina,90
lykilinn,90
dean,90
djöfull,90
åã,90
þèr,90
minntist,89
konurnar,89
skammast,89
strák,89
kyrrir,89
hleypa,89
hræðilega,89
ljómandi,89
vandlega,89
fæturna,89
þjóð,89
tókstu,89
flug,89
nokkurs,89
hringinn,89
örugg,89
hugur,89
drasl,89
cole,89
sendum,89
annt,89
rænt,89
búum,89
afhverju,89
skiptu,88
lék,88
elskað,88
tækifærið,88
kassa,88
elsku,88
dick,88
vaða,88
ætlaðir,88
tryggja,88
tveim,88
prófaðu,88
orða,88
barnum,88
spítala,88
lyftu,88
heyrist,88
sawyer,88
lá,88
spenntur,88
roy,88
alice,88
aetla,88
pissa,88
paulie,88
maturinn,87
grunar,87
glæsilegt,87
sjálfsmorð,87
frið,87
skjátlast,87
bát,87
spá,87
langa,87
öskra,87
örlítið,87
notið,87
dreymir,87
stöðinni,87
þrjátíu,87
upphafi,87
vissum,87
starfar,87
sannar,87
býsna,87
vélina,87
fyrirtækið,87
vonbrigðum,87
svör,87
finnast,87
jesse,87
kvíddu,87
liðinu,87
biðjast,87
ofbeldi,87
skepnan,87
pessa,87
exley,87
patchett,87
aö,87
kerfi,86
verkið,86
gagn,86
pund,86
fangi,86
fuglinn,86
flýtið,86
stjarna,86
safna,86
svarað,86
virka,86
ríki,86
skylda,86
heimur,86
ætluðum,86
innra,86
kíló,86
saknaði,86
gefum,86
mlg,86
regla,86
prestur,86
carol,86
brandari,86
phoenix,86
fjárans,86
rassgat,86
damien,86
junior,86
vitleysa,85
áhættu,85
komir,85
frægur,85
fjórða,85
baðst,85
gætuð,85
slæmar,85
fulltrúa,85
fundi,85
mikilli,85
sendur,85
sid,85
minningar,85
afganginn,85
veiða,85
fyrstur,85
auka,85
sambandið,85
marco,85
sturtu,85
brian,85
lucy,85
nn,85
juliet,85
fullkomlega,84
græða,84
karlmaður,84
þjónustu,84
blöðin,84
vikið,84
tekurðu,84
beita,84
himnum,84
stöðvið,84
þrisvar,84
susan,84
skrifar,84
heppin,84
leggstu,84
leitum,84
sjálfa,84
prósent,84
drepum,84
vélarnar,84
setjum,84
guy,84
duke,84
borið,84
myndarlegur,84
fuller,84
skepna,84
pannig,84
lance,84
stao,84
ïñ,84
clarice,84
þjóna,83
ánægjan,83
blaðið,83
vakt,83
harður,83
eiginkonu,83
gleymir,83
hjáipa,83
lítinn,83
eigir,83
hálfa,83
lítum,83
heims,83
gagnvart,83
flaug,83
ráðum,83
skapa,83
játa,83
karlinn,83
ekta,83
ósk,83
léstu,83
lifði,83
opnið,83
gamalt,83
hlakka,83
borðar,83
fanga,83
sigur,83
dóp,83
tv,83
benjamin,83
jody,83
fylla,82
fylgst,82
umferð,82
herramenn,82
tímabært,82
mái,82
brotið,82
merkið,82
lendir,82
seinan,82
þurftir,82
hindra,82
hálf,82
hlutverk,82
borgin,82
lista,82
stunda,82
tapaði,82
bobby,82
orku,82
símon,82
drullusokkur,82
lausn,82
lika,82
mickey,82
elliot,82
eitthvao,82
mèr,82
fljótir,81
sit,81
drekkur,81
neina,81
hægur,81
götuna,81
bíla,81
englandi,81
sólin,81
svín,81
skyldir,81
kansas,81
gátu,81
elda,81
spurningum,81
gólfið,81
snöggur,81
mein,81
mótmæli,81
hljóp,81
rautt,81
sársauka,81
anne,81
njóttu,81
hannah,81
ansans,81
lýsa,80
kaupir,80
flótta,80
hvílík,80
vopnin,80
misstir,80
falið,80
liðin,80
myndinni,80
hefja,80
venjulegur,80
útvega,80
greitt,80
subtitles,80
hverjar,80
binda,80
felst,80
vaknaði,80
tvennt,80
rólegir,80
borðað,80
afmælið,80
æðislegt,80
létt,80
línunni,80
brjálæði,80
rass,80
van,80
öld,80
nicky,80
janice,80
kátign,80
aids,80
hverfinu,79
fötum,79
tennurnar,79
varir,79
hrein,79
dans,79
byssan,79
fylgið,79
fljúgandi,79
neðan,79
báða,79
skipherra,79
dorothy,79
vandinn,79
hvíla,79
veginum,79
hugmyndina,79
hræða,79
hélst,79
ráði,79
mátti,79
skulda,79
endanum,79
deyrð,79
bókinni,79
jarðar,79
skotmarkið,79
rekur,79
gus,79
ólétt,79
þiõ,79
vaeri,79
se,79
diego,79
shaun,79
klúbbnum,78
selur,78
oftast,78
hóp,78
alvin,78
hinni,78
langur,78
sigla,78
bandaríska,78
leyfði,78
dreyma,78
hættulegur,78
svöng,78
rennur,78
horfinn,78
hypjaðu,78
varaðu,78
guðanna,78
ýta,78
verðlaun,78
drenginn,78
doc,78
spennt,78
barry,78
andy,78
gríptu,78
bana,78
móttekið,78
russ,78
efnið,78
símtal,78
forsetans,78
verd,78
jo,78
fra,78
lan,78
spil,77
miðnætti,77
aðstoðarmaður,77
takast,77
réttur,77
stjórnað,77
yrðu,77
fullkominn,77
verkum,77
tákn,77
skó,77
vatninu,77
setið,77
flókið,77
skemmti,77
fet,77
athyglisvert,77
græna,77
sterk,77
andskotanum,77
bendir,77
viðurkenna,77
samhryggist,77
einhverri,77
gaeti,77
aaron,77
neo,77
erin,77
gildir,76
setjist,76
vondur,76
árin,76
sparka,76
hentu,76
næstur,76
góðs,76
ánægjulegt,76
sló,76
högg,76
línu,76
tókum,76
hegðun,76
gögn,76
illu,76
berast,76
vegi,76
skóginum,76
samið,76
störf,76
frúr,76
stökktu,76
erfiðleikum,76
heimild,76
rán,76
þykjast,76
poka,76
sniðugt,76
próf,76
anderson,76
gátum,76
ávallt,76
ýttu,76
spilið,76
dóu,76
an,76
colin,76
vince,76
penny,76
casanova,76
tegund,75
svart,75
duga,75
kærustu,75
líki,75
grípa,75
einhverjir,75
áhöfn,75
viðvörun,75
prins,75
gildru,75
viðtal,75
klípu,75
einasta,75
sérstakur,75
kæmist,75
þvo,75
spauga,75
felum,75
hverfur,75
miami,75
gráður,75
cody,75
city,75
hleypið,75
helgina,75
brjáluð,75
riley,75
loftinu,75
stökk,75
cia,75
heimska,75
julian,75
sönn,74
kvöldin,74
verkinu,74
indæll,74
hattinn,74
höfn,74
bein,74
jafnar,74
renna,74
bátnum,74
kjöt,74
flutti,74
létu,74
sækið,74
springa,74
synda,74
heiman,74
missum,74
bjargaðir,74
vitnið,74
róa,74
opið,74
hlýt,74
stöndum,74
bili,74
sýnum,74
nætur,74
éttu,74
kirkju,74
framið,74
sidney,74
ör,74
springur,74
augljóslega,74
ógeðslegt,74
pan,74
öruggur,73
patrick,73
pat,73
mjólk,73
brandara,73
komust,73
brauð,73
emma,73
sorglegt,73
spjalla,73
vor,73
luke,73
borgarinnar,73
laun,73
eldhúsinu,73
ítalíu,73
ekið,73
hetjan,73
varðst,73
morgni,73
martröð,73
vellinum,73
áætlunin,73
manneskjur,73
tilkynna,73
misstum,73
kveiktu,73
forrester,73
may,73
west,72
hinar,72
stöðvar,72
joseph,72
dæmdur,72
stökkva,72
morgan,72
sker,72
dauðann,72
berðu,72
óvenjulegt,72
mikli,72
réði,72
fyrirgef,72
blaðamaður,72
panta,72
skoti,72
sum,72
börnunum,72
myrða,72
boði,72
fastur,72
flórída,72
svaraði,72
gettu,72
viðbúinn,72
leikurinn,72
tímar,72
töskuna,72
ss,72
ræfill,72
aðalfulltrúi,72
boðin,72
blæðir,72
muntu,72
raunverulega,72
ga,72
mozart,72
tyler,72
eric,72
ins,72
gar,72
stu,72
pitt,72
stensland,72
heppni,71
drekktu,71
fimmtán,71
saknað,71
skipstjóra,71
sest,71
gleði,71
kallarðu,71
foreldrum,71
leiður,71
sneri,71
erindi,71
hlýða,71
stórum,71
gildi,71
kvenna,71
sonar,71
lögfræðing,71
fórna,71
rosalega,71
leyst,71
miljónir,71
héldu,71
þakinu,71
náðir,71
dallas,71
stíga,71
fullri,71
stundinni,71
hvíti,71
plánetu,71
quill,71
eiturlyf,71
alríkislögreglan,71
brjóst,71
ssu,71
maverick,71
maour,71
samúð,70
drukkið,70
vísa,70
nýtur,70
uppreisn,70
þekkið,70
mæli,70
mætir,70
barði,70
upptekin,70
hugmyndin,70
algerlega,70
kim,70
gætið,70
gulli,70
sleppi,70
ótrúleg,70
slapp,70
dauðir,70
myrti,70
lok,70
aldur,70
dölum,70
ólíkt,70
tilfinning,70
undarlega,70
orleans,70
glápa,70
mínútna,70
staða,70
blindur,70
dýri,70
hjà,70
tikk,70
hûn,70
lærir,69
félagsskap,69
íbúðina,69
gleymdir,69
sdi,69
sjó,69
sótt,69
báðar,69
skríða,69
himnaríki,69
fullkomin,69
barna,69
leyfum,69
eltu,69
persónulega,69
hong,69
ferðina,69
kaffið,69
upplýsingum,69
sannur,69
hverfi,69
ricky,69
nein,69
ekur,69
sjón,69
leiðist,69
treystir,69
unnum,69
draum,69
frelsa,69
ólst,69
löggu,69
sammy,69
sérhver,69
lemja,69
keyrðu,69
hópnum,69
lagsi,69
stigi,69
riggs,69
nu,69
pussy,69
ryan,68
versla,68
veislu,68
henti,68
sígarettu,68
afríku,68
kennir,68
hvílíkur,68
gangið,68
kóngur,68
sekur,68
ætlast,68
vörn,68
hest,68
þriðju,68
fylgi,68
snjall,68
skipunum,68
bréfið,68
tekist,68
nefndi,68
rekið,68
thursby,68
urðum,68
prófið,68
ljúfur,68
heyrum,68
lögreglustjóri,68
þessarar,68
lögreglumenn,68
kennsl,68
borðum,68
rakst,68
nýjar,68
rauðu,68
klippa,68
undirbúa,68
sjónvarp,68
marty,68
möguleiki,68
rassinum,68
varðstjóri,68
virgil,68
frä,68
iagi,68
lýra,68
jackson,67
býrðu,67
sáttur,67
hlutirnir,67
victor,67
lauk,67
piltur,67
þörfnumst,67
hálfan,67
foringinn,67
rak,67
berum,67
angrar,67
staðreynd,67
kannastu,67
barni,67
eyrun,67
einfaldlega,67
braust,67
efninu,67
giska,67
svörtu,67
koss,67
rífa,67
hálfu,67
slökkt,67
réðst,67
brúðkaupið,67
þjálfun,67
sár,67
eingöngu,67
svíkja,67
nýjasta,67
stone,67
manhattan,67
annie,67
lykillinn,67
sue,67
myndavélina,67
fjandakornið,67
hjä,67
víetnam,67
leo,67
vero,67
mulan,67
óí,67
sinnar,66
vaxa,66
íbúðinni,66
blaðinu,66
verndar,66
finnist,66
eign,66
bjargaðu,66
erfiður,66
myrkrinu,66
atkvæði,66
merkilegt,66
leikari,66
stöðum,66
tapar,66
ótrúlegur,66
flutt,66
eiginmaður,66
ömurlegt,66
hausnum,66
bregðast,66
leiki,66
alec,66
hjónaband,66
partí,66
bregst,66
tíkin,66
hitler,66
gandhi,66
au,66
vincennes,66
meeks,66
èáå,66
meadow,66
ulrich,66
stráksi,65
óttaðist,65
hanga,65
illur,65
fletcher,65
hnén,65
strönd,65
bakinu,65
fiskur,65
kjól,65
stúlkunni,65
reyndir,65
sofna,65
heimsækja,65
ána,65
trúað,65
brott,65
dugir,65
búast,65
stofna,65
gordon,65
sterkari,65
sérstök,65
keppni,65
talandi,65
grét,65
meistari,65
kíkja,65
súkkulaði,65
sjúklingur,65
sherman,65
gerðuð,65
stelpuna,65
leggist,65
liz,65
lávarður,65
lifðu,65
sýnið,65
lynn,65
brad,65
komio,65
ôãç,65
stærra,64
glöð,64
sef,64
felur,64
skutu,64
láti,64
snerti,64
stærsta,64
kjafta,64
englands,64
skammt,64
þrífa,64
talaðir,64
fjarlægja,64
værirðu,64
lofaðir,64
breyttist,64
sláðu,64
skugga,64
heilu,64
stuttu,64
hugrakkur,64
útvegað,64
tal,64
bætt,64
leyf,64
eyddi,64
rauninni,64
þúsundir,64
manny,64
olli,64
sprakk,64
æstur,64
kenni,64
gjafir,64
þin,64
klæðast,64
eigðu,64
sækir,64
stjórnstöð,64
dna,64
lawrence,64
vegginn,64
abby,64
lahood,64
gracie,64
connor,64
alison,64
everett,64
hræddir,63
ríkir,63
einir,63
eðli,63
fingur,63
skaust,63
handlegginn,63
ruglaður,63
konungs,63
ævintýri,63
horfin,63
miklir,63
róaðu,63
áform,63
hefna,63
nefndu,63
völ,63
ljósi,63
aðgang,63
einstakur,63
eiginkona,63
fjögurra,63
árs,63
stigann,63
vekur,63
vinstra,63
collins,63
yfirmenn,63
litlar,63
sveit,63
hljóma,63
ömurlegur,63
skrímsli,63
kortinu,63
eldsneyti,63
klósettið,63
grænn,63
verid,63
þjálfi,63
kast,63
ninja,63
èçíï,63
eagles,63
hurley,63
skráð,62
dama,62
hringdir,62
hamingjusamur,62
skóna,62
kaupi,62
blekkja,62
góðri,62
fyrirmælum,62
toga,62
skýra,62
blóðið,62
draumar,62
frk,62
oz,62
drottning,62
beygja,62
helen,62
nokkurra,62
langað,62
ágætlega,62
særður,62
kæru,62
skýrsluna,62
margra,62
hópi,62
munuð,62
dagsins,62
barðist,62
eltir,62
slæma,62
eldinn,62
feiti,62
öryggis,62
viðskiptin,62
hreinskilinn,62
skömm,62
kjáni,62
reikninginn,62
slík,62
sjást,62
jafnvægi,62
lögmaður,62
hreyfðu,62
klandri,62
augað,62
howard,62
dregið,62
velkomnir,62
brosa,62
hvítu,62
óvini,62
eyðileggur,62
aðgangur,62
völlinn,62
lengri,62
bókin,62
lyktina,62
ólöglegt,62
lyfin,62
elaine,62
heyr,62
tvöfalt,62
búðinni,62
líkami,62
sagdi,62
cindy,62
skora,62
it,62
fà,62
kiki,62
ellen,62
fyrirgefou,62
hingao,62
ginger,62
agustin,62
trevor,62
fjölskyldunnar,61
skipanir,61
yrðum,61
rúm,61
rugla,61
nýjum,61
slær,61
jörðin,61
færum,61
opnum,61
hjónin,61
nefna,61
mætt,61
hefðuð,61
heimilisfang,61
reiðufé,61
dagana,61
plata,61
nýt,61
sjaldan,61
met,61
þekkjum,61
hafnað,61
þakklátur,61
ágætur,61
hliðið,61
barbara,61
fötunum,61
klessu,61
skilríki,61
fimmtíu,61
leon,61
beinlínis,61
ross,61
simon,61
skrambinn,61
saell,61
mcclane,61
oscar,61
beckett,61
lofaðu,60
áfengi,60
ford,60
kampavín,60
kveikt,60
dreng,60
læti,60
fylgt,60
sjónum,60
frönsku,60
skar,60
jafnt,60
lifum,60
áttina,60
lit,60
sjálfir,60
sótti,60
beina,60
hússins,60
erfið,60
sal,60
aðferð,60
töskunni,60
indæl,60
skilaboðin,60
aðallega,60
leigubíl,60
þykistu,60
ástæðuna,60
skápnum,60
vakti,60
fisk,60
berjumst,60
réð,60
vandræða,60
snúum,60
særa,60
svið,60
komnar,60
hefnd,60
santa,60
venjulegt,60
vannst,60
eyðilagði,60
perry,60
fr,60
opinbera,60
rauði,60
beverly,60
sáu,60
einbeittu,60
leikum,60
eim,60
farou,60
bósi,60
blöðunum,59
ljúfan,59
taugarnar,59
séns,59
auðveldlega,59
montana,59
ræðu,59
opin,59
fallið,59
munurinn,59
dan,59
háls,59
reglu,59
mílur,59
vandi,59
leggið,59
ákveður,59
myrtir,59
búist,59
víða,59
hurðinni,59
styðja,59
heiðarlegur,59
dýrka,59
helmingi,59
borgum,59
samdi,59
hræðir,59
dreymt,59
lestin,59
hækka,59
elskarðu,59
sjáir,59
afsakaða,59
abel,59
bær,59
gestur,59
gömlum,59
gáðu,59
hreinn,59
sáuð,59
augljóst,59
klúðraði,59
skotin,59
verðlaunin,59
þrá,59
ljótt,59
kennedy,59
nóttu,59
liberty,59
hal,59
gólfinu,59
oss,59
svikari,59
skapaði,59
rithöfundur,59
bravó,59
pennan,59
bæjarstjóri,59
josh,59
zorro,59
bvi,59
dró,58
strákunum,58
iðrast,58
skuluð,58
hatt,58
kostaði,58
konunnar,58
höfði,58
sérlega,58
veldu,58
algjört,58
borði,58
dóm,58
slíka,58
gæfi,58
sæta,58
hlutur,58
sjúkrabíl,58
fréttum,58
flösku,58
kýs,58
strákana,58
sönnunargögn,58
ástæður,58
afsökun,58
benda,58
heppnir,58
bláa,58
venjuleg,58
stiga,58
erfiðara,58
flugvellinum,58
hleypur,58
magann,58
morton,58
feta,58
talarðu,58
hreyfingu,58
boston,58
fresti,58
georgie,58
lestina,58
tækni,58
hugo,58
gin,58
fegurð,58
melvin,58
snerist,58
djöfulsins,58
drullastu,58
fardu,58
ut,58
mà,58
truman,58
morfeus,58
komuð,57
hefjast,57
fæddur,57
dýrt,57
sviði,57
mönnunum,57
línuna,57
flytur,57
ræddum,57
kemstu,57
miðju,57
reynið,57
kjark,57
algert,57
glæpur,57
geyma,57
forsetann,57
andann,57
mikilvægur,57
þvílík,57
viðskiptum,57
fínu,57
efst,57
hittirðu,57
angra,57
seinni,57
innst,57
óvinur,57
afsaka,57
heilann,57
miðri,57
trúið,57
sigrað,57
auðveldara,57
litur,57
dags,57
gleraugun,57
líkjast,57
yfirgaf,57
hliðar,57
vaknar,57
plánetunni,57
lykil,57
brást,57
föstudaginn,57
hlustað,57
rísa,57
frábærlega,57
alvörunni,57
leonard,57
byggt,57
tengjast,57
viðbúin,57
núll,57
bíinum,57
fields,57
bridger,57
asninn,57
steven,57
mina,57
pierce,57
koufax,57
åãå,57
hvaô,57
fróôi,57
shrek,57
sparrow,57
sveik,56
ýmsu,56
þori,56
nægan,56
tryggð,56
gaurar,56
stráknum,56
heyrðuð,56
landsins,56
blómin,56
leyfist,56
slóð,56
gerður,56
andanum,56
sjálfri,56
andi,56
framdi,56
francisco,56
reiðubúinn,56
alltof,56
neitað,56
frakklandi,56
dálitlu,56
gildra,56
bíó,56
hraði,56
tóm,56
bilun,56
andað,56
sara,56
stanford,56
óvinurinn,56
hornið,56
brúna,56
forða,56
fyrrum,56
seg,56
ákvarðanir,56
spyrð,56
læknis,56
rannsóknir,56
enterprise,56
lauru,56
keyrt,56
jay,56
brooklyn,56
keyrði,56
slappaðu,56
harris,56
maría,56
holly,56
pað,56
pu,56
netinu,56
vélmenni,56
poppy,56
carmela,56
isabella,56
söng,55
biluð,55
fundist,55
horn,55
vont,55
mættir,55
ræðst,55
öii,55
samtal,55
teljum,55
ströndina,55
fullan,55
séuð,55
rottur,55
dottið,55
fástu,55
glæsileg,55
fjölda,55
archer,55
spurningunni,55
spilað,55
tagi,55
pantaði,55
sleppir,55
aðstoða,55
menntun,55
ljóta,55
týndi,55
king,55
el,55
brúðkaup,55
veggnum,55
ró,55
björn,55
útvarp,55
skaða,55
jackie,55
virki,55
dómara,55
rekin,55
myndavél,55
ið,55
trúlega,55
kassann,55
herr,55
janet,55
ógn,55
brjóstin,55
beir,55
útsendingu,55
býfluga,55
veskið,55
lo,55
kimble,55
blóðsuga,55
æçíçäï,55
adm,55
þekktir,54
slæmu,54
glugga,54
takir,54
group,54
stilltu,54
síst,54
sporum,54
sökina,54
kjósa,54
snúast,54
leitaðu,54
klæða,54
samskipti,54
framtíðina,54
neins,54
árans,54
staðreyndir,54
vísað,54
laugst,54
feita,54
saksóknara,54
fundur,54
gá,54
fyrirgefa,54
listanum,54
fréttin,54
kalli,54
sverð,54
hendinni,54
meir,54
dollarar,54
franklin,54
sækjum,54
karlar,54
meiddur,54
mæla,54
leiddi,54
mismunandi,54
nauðsynlegt,54
ánni,54
velur,54
spilaðu,54
barb,54
skildir,54
fréttina,54
cleveland,54
bakka,54
grant,54
þjást,54
dominic,54
skór,54
thorn,54
bessu,54
haegri,54
ted,54
tur,54
ey,54
rusl,54
pínum,54
lisa,54
mem,54
cle,54
boobie,54
þvì,54
brúnó,54
stalst,53
þiggja,53
kveðju,53
efri,53
friður,53
nái,53
stól,53
hófst,53
flotanum,53
stewart,53
veður,53
vonaði,53
blessun,53
dáti,53
óskar,53
beit,53
gangandi,53
lokuð,53
ho,53
veröld,53
lofað,53
sætta,53
steik,53
talaðirðu,53
vanalega,53
þoldi,53
gáfu,53
aðstöðu,53
stungið,53
rúmlega,53
drepast,53
berlín,53
syngur,53
stígur,53
eitur,53
grafið,53
stundina,53
stjórinn,53
bílar,53
líkin,53
kjallaranum,53
hugsið,53
gilda,53
sprenging,53
hægra,53
hjólið,53
feit,53
fjandi,53
þvert,53
vii,53
kála,53
ned,53
lát,53
virða,53
heilanum,53
krökkunum,53
mississippi,53
samkomulag,53
forsetanum,53
stanley,53
sta,53
ox,53
nova,53
èñçí,53
trölla,53
áhættuna,52
kassanum,52
líði,52
reiðu,52
spítalanum,52
tengslum,52
hlutinn,52
ríkið,52
hafna,52
eyjuna,52
þökkum,52
skyn,52
örlögin,52
paine,52
færði,52
morguninn,52
fimmta,52
svei,52
indíána,52
presturinn,52
yfirgefið,52
vex,52
nánar,52
reglum,52
flugið,52
hlaut,52
sölu,52
endist,52
señor,52
opnað,52
kring,52
flugvélina,52
sannfæra,52
sigrar,52
memphis,52
bauðst,52
ósköpunum,52
hræðileg,52
greip,52
aðlaðandi,52
kafa,52
ómeidd,52
starfsemi,52
borgaðu,52
list,52
hljóðið,52
ról,52
walker,52
ástand,52
júní,52
starfsmenn,52
manneskjan,52
vinkonur,52
brú,52
göngin,52
símanúmerið,52
buxur,52
deyi,52
helvískur,52
newman,52
öllsömul,52
tima,52
pykir,52
rið,52
sjà,52
neil,52
bragg,52
cheryl,52
çñ,52
vitti,52
ísold,52
engill,51
glasið,51
gamaldags,51
fylgdist,51
media,51
hugann,51
réttindi,51
ferðin,51
bay,51
fangar,51
heilt,51
vonast,51
vagninum,51
sjöunda,51
kraft,51
eyðilagt,51
gleymum,51
þjóðin,51
gamlan,51
hittum,51
helminginn,51
breytingar,51
finni,51
sönnun,51
samþykki,51
skilji,51
laust,51
cairo,51
endurtaka,51
hreinskilni,51
sýn,51
sleppur,51
úrið,51
ljúkum,51
flugvélinni,51
reikning,51
lækna,51
saksóknari,51
gista,51
sannleikur,51
vegum,51
skemmtu,51
afhenda,51
arizona,51
pearl,51
heimilisfangið,51
keppa,51
rauður,51
snertimark,51
yndisleg,51
opnast,51
geimnum,51
klæddu,51
syng,51
plötu,51
heimsk,51
heyrnarlaus,51
nýjustu,51
in,51
bílum,51
fjáranum,51
benny,51
pottþétt,51
ófrísk,51
drátt,51
afa,51
bond,51
át,51
benson,51
fario,51
aoeins,51
stephen,51
lenny,51
eddi,51
metallicu,51
véimenni,51
svindla,50
röngum,50
hringið,50
eyðir,50
þvílíkur,50
yfirmann,50
kynnir,50
komiði,50
park,50
horni,50
tilgangi,50
hetjur,50
mccoy,50
sameiginlegt,50
minnast,50
mættur,50
lágt,50
innilega,50
almennilega,50
vei,50
fjöldi,50
peninginn,50
talinn,50
vænn,50
faldi,50
verslun,50
morðinginn,50
framtíðin,50
kjólinn,50
fjölskyldur,50
lyktin,50
beitt,50
birta,50
penna,50
rocco,50
byrjaður,50
ferskt,50
næði,50
tunguna,50
vikuna,50
áhorfendur,50
skipuleggja,50
hringjum,50
hundar,50
tll,50
heimilið,50
muninn,50
dýrin,50
skólinn,50
gögnin,50
yfirmanni,50
skytta,50
hlutunum,50
eðlilega,50
hallie,50
losið,50
rúst,50
ársins,50
tækið,50
þa,50
hja,50
munað,50
nù,50
egar,50
þraukaðu,50
dudley,50
ãí,50
hèr,50
vernd,49
kallið,49
dugar,49
sígarettur,49
ungu,49
spara,49
greyið,49
læstu,49
leiðtogi,49
leiktu,49
hunda,49
framvegis,49
staðfesta,49
skónum,49
viljandi,49
losnar,49
sýning,49
þráir,49
hringdirðu,49
venjast,49
tak,49
skrifstofa,49
hádegi,49
mikilvæg,49
buxunum,49
fótunum,49
krefjast,49
snertu,49
einstök,49
þykja,49
tengja,49
þjónn,49
verstu,49
hæfi,49
sögðum,49
hrifnir,49
kaffibolla,49
atvinnumenn,49
undirbúið,49
réttarhöld,49
sykur,49
asna,49
hreyfir,49
skotfæri,49
deginum,49
kennarinn,49
einstakt,49
troða,49
olíu,49
undanfarið,49
ánægðir,49
dá,49
flugvélar,49
skemmt,49
skýrslunni,49
sjúkrahúsinu,49
spilum,49
svalur,49
hvítt,49
passið,49
glæpamenn,49
franskar,49
hægðu,49
skjól,49
júlí,49
hershöfðingja,49
nemendur,49
fréttunum,49
sýslu,49
svafstu,49
verulega,49
heiðurinn,49
wellington,49
vikunni,49
alva,49
markmið,49
bví,49
rnig,49
tyrell,49
àtt,49
segou,49
veroa,49
vanessa,49
winchell,49
coraline,49
ósanngjarnt,48
glatað,48
hárinu,48
forðum,48
hendir,48
þurrka,48
stykki,48
liðinn,48
báturinn,48
glæpi,48
tómt,48
þjóðarinnar,48
eið,48
bragðast,48
dásamleg,48
skipað,48
engra,48
há,48
einföld,48
stans,48
hringurinn,48
tilfinningu,48
feitur,48
opinberlega,48
eðlileg,48
ímyndaðu,48
unnu,48
stórkostleg,48
skuld,48
hjartanu,48
hádegismat,48
tréð,48
sprengjum,48
lögreglu,48
helgi,48
aron,48
þakklát,48
læknar,48
sumum,48
brýtur,48
súrefni,48
étið,48
tíkarsonur,48
búð,48
japan,48
hóra,48
svipinn,48
bita,48
sambönd,48
caroline,48
gt,48
purfum,48
þáttinn,48
hün,48
jólunum,48
mök,48
guo,48
mikio,48
spock,48
ãíôå,48
fyrlr,48
lara,48
knauer,48
morðingjar,47
lake,47
pappír,47
lendum,47
rændi,47
fremst,47
raunveruleg,47
skipstjórinn,47
ógnvekjandi,47
húrra,47
umhverfis,47
stígðu,47
skjótum,47
gjörið,47
vopnaður,47
borinn,47
vísar,47
fegin,47
óþægilegt,47
sorg,47
hött,47
fylgdi,47
gesti,47
persónuleika,47
bölvun,47
glæpamaður,47
floyd,47
tennur,47
kurteis,47
lánaðan,47
sittu,47
meiriháttar,47
hugsun,47
varkár,47
endi,47
tilfinningum,47
flugvöllinn,47
lögregluþjónn,47
reynirðu,47
þakið,47
sunnan,47
þriðji,47
önnum,47
aðdáandi,47
væruð,47
úrskeiðis,47
brostu,47
drakk,47
birtast,47
gleraugu,47
laumast,47
hataði,47
viðbragðsstöðu,47
hjónabandi,47
búðina,47
útbúa,47
hlustaði,47
tilgangurinn,47
hersins,47
endir,47
vísindamenn,47
sprengjan,47
vasanum,47
skítt,47
fótbolta,47
heimski,47
annaðhvort,47
reglunum,47
peirra,47
sk,47
drullaðu,47
tölur,47
clark,47
felix,47
gotham,47
lefferts,47
hefurou,47
áour,47
meô,47
jin,47
jâ,47
stjôri,47
skellibjalla,47
fyndi,46
logið,46
gripinn,46
björgum,46
hverfið,46
hestur,46
lendi,46
borðaðu,46
léti,46
sérstaka,46
morrison,46
refsingu,46
klárt,46
dreg,46
minnist,46
listann,46
hávaði,46
miðið,46
jörð,46
garðinn,46
ímynda,46
miðjum,46
veiti,46
kúlu,46
þingið,46
fjall,46
velti,46
óður,46
skyldur,46
vonar,46
mælt,46
kauptu,46
milljónum,46
byssum,46
ofursta,46
meiðir,46
beggja,46
fylgjumst,46
þáttur,46
heilsaðu,46
hávaða,46
neitar,46
bátur,46
staði,46
neðar,46
gamlir,46
þroskast,46
kafi,46
rútuna,46
símtöl,46
sælgæti,46
tim,46
stuart,46
ónáða,46
máltíð,46
strætó,46
jennifer,46
notuð,46
vímu,46
hljómsveit,46
karla,46
apríl,46
einbeita,46
máta,46
alfa,46
bank,46
sjúkrahús,46
sársauki,46
pike,46
virkaði,46
jeminn,46
drepin,46
flyt,46
fyrirtækinu,46
allie,46
skíta,46
plötur,46
hoppa,46
stelpum,46
hingad,46
gud,46
þættinum,46
eðlilegur,46
lyktar,46
rð,46
ll,46
aidrei,46
punginn,46
walt,46
forðaðu,46
beechum,46
porter,46
hinkley,46
hnu,46
kalypsó,46
alexis,46
clouseau,46
bros,45
sel,45
bensín,45
heimsku,45
lofar,45
vön,45
detroit,45
höll,45
vindur,45
fót,45
jakkann,45
gras,45
ljót,45
tilbúnar,45
and,45
stjörnu,45
stórar,45
verr,45
heilan,45
litlum,45
hress,45
fyrirbæri,45
andlitinu,45
raunverulegur,45
skrifborðið,45
öðlast,45
ríkisstjórn,45
náungann,45
albert,45
ábyrgist,45
blað,45
deildinni,45
byggingu,45
sannleika,45
stein,45
réttlæti,45
spilin,45
byrjið,45
skjöl,45
monsieur,45
ávísun,45
sólarhringinn,45
je,45
njósnari,45
brennur,45
lærðirðu,45
fáeinar,45
helming,45
hníf,45
öfugt,45
heilmikið,45
hæðinni,45
stansa,45
gullið,45
vísbendingar,45
lyklarnir,45
lánað,45
stöðuna,45
handritið,45
spilaði,45
hestana,45
standi,45
athugum,45
delta,45
heitur,45
bakvið,45
bruno,45
róandi,45
teppi,45
alexander,45
kvikmynd,45
bragðið,45
stofunni,45
benni,45
heit,45
skyldum,45
himna,45
hent,45
diskinn,45
ameríska,45
hugsanlegt,45
breyti,45
bekknum,45
skrána,45
gannon,45
tónlistina,45
sjötta,45
rás,45
ráðherra,45
nýrri,45
dauðu,45
williams,45
clay,45
innri,45
heimilinu,45
ina,45
andskoti,45
arrakis,45
ceiie,45
grace,45
amöndu,45
kunta,45
skeeter,45
booth,45
mallory,45
náttuglunni,45
gerrity,45
ïçñå,45
èí,45
ïíå,45
greene,45
lífsháskl,45
varaði,44
glæp,44
nathan,44
hleypt,44
glugganum,44
helling,44
skemmtum,44
röngu,44
einrúmi,44
bærinn,44
desember,44
foringja,44
breyting,44
aðgerðina,44
jesú,44
hvílast,44
ósatt,44
réttri,44
gamlar,44
býflugur,44
safnið,44
opinn,44
gula,44
norðan,44
gefstu,44
flúið,44
kallaðir,44
borgara,44
daniel,44
abrahams,44
